firstname1,lastname2,645645645645645,5ca9d66ccf3d3
firstname1,lastname2,645645645645645,5ca9d66d091f6
firstname1,lastname2,645645645645645,5ca9d66d2c111
firstname1,lastname2,645645645645645,5ca9d66d4f524
firstname1,lastname2,645645645645645,5ca9d66d6c287
firstname1,lastname2,645645645645645,5ca9d66d8e206
firstname1,lastname2,645645645645645,5ca9d66db296e
firstname1,lastname2,645645645645645,5ca9d66dd5516
firstname1,lastname2,645645645645645,5ca9d66df2087
firstname1,lastname2,645645645645645,5ca9d66e1ec26
firstname1,lastname2,645645645645645,5ca9d66e43fc9
firstname1,lastname2,645645645645645,5ca9d66e663e4
firstname1,lastname2,645645645645645,5ca9d66e91928
firstname1,lastname2,645645645645645,5ca9d66ebe35f
firstname1,lastname2,645645645645645,5ca9d66eefc6f
firstname1,lastname2,645645645645645,5ca9d66f2a632
firstname1,lastname2,645645645645645,5ca9d66f5b38f
firstname1,lastname2,645645645645645,5ca9d66f8cb65
firstname1,lastname2,645645645645645,5ca9d66faea6f
firstname1,lastname2,645645645645645,5ca9d66fd1b1c
firstname1,lastname2,645645645645645,5ca9d6700b5e3
firstname1,lastname2,645645645645645,5ca9d670374a5
firstname1,lastname2,645645645645645,5ca9d670602a2
firstname1,lastname2,645645645645645,5ca9d6708ee80
firstname1,lastname2,645645645645645,5ca9d670b1686
firstname1,lastname2,645645645645645,5ca9d670cecb6
firstname1,lastname2,645645645645645,5ca9d670f0e5e
firstname1,lastname2,645645645645645,5ca9d67120cce
firstname1,lastname2,645645645645645,5ca9d67144497
firstname1,lastname2,645645645645645,5ca9d67163caf
firstname1,lastname2,645645645645645,5ca9d67186b28
firstname1,lastname2,645645645645645,5ca9d671ae775
firstname1,lastname2,645645645645645,5ca9d671d867f
firstname1,lastname2,645645645645645,5ca9d6720b3a9
firstname1,lastname2,645645645645645,5ca9d67238e52
firstname1,lastname2,645645645645645,5ca9d6725eb63
firstname1,lastname2,645645645645645,5ca9d672889cc
firstname1,lastname2,645645645645645,5ca9d672ae6a0
firstname1,lastname2,645645645645645,5ca9d672d1527
firstname1,lastname2,645645645645645,5ca9d672f1ba8
firstname1,lastname2,645645645645645,5ca9d6732372e
firstname1,lastname2,645645645645645,5ca9d67345e2d
firstname1,lastname2,645645645645645,5ca9d6736e8d1
firstname1,lastname2,645645645645645,5ca9d673915b1
firstname1,lastname2,645645645645645,5ca9d673b376d
firstname1,lastname2,645645645645645,5ca9d673d285b
firstname1,lastname2,645645645645645,5ca9d673f23df
firstname1,lastname2,645645645645645,5ca9d6741ff68
firstname1,lastname2,645645645645645,5ca9d6744079b
firstname1,lastname2,645645645645645,5ca9d67463fbe
firstname1,lastname2,645645645645645,5ca9d67481a09
firstname1,lastname2,645645645645645,5ca9d674a07c5
firstname1,lastname2,645645645645645,5ca9d674c393c
firstname1,lastname2,645645645645645,5ca9d674e7f9a
firstname1,lastname2,645645645645645,5ca9d675196dc
firstname1,lastname2,645645645645645,5ca9d67539946
firstname1,lastname2,645645645645645,5ca9d6755c0f5
firstname1,lastname2,645645645645645,5ca9d6757f4a1
firstname1,lastname2,645645645645645,5ca9d6759c46a
firstname1,lastname2,645645645645645,5ca9d675be9be
firstname1,lastname2,645645645645645,5ca9d675e3ced
firstname1,lastname2,645645645645645,5ca9d6760fb88
firstname1,lastname2,645645645645645,5ca9d6763775b
firstname1,lastname2,645645645645645,5ca9d6765b54b
firstname1,lastname2,645645645645645,5ca9d67683eb6
firstname1,lastname2,645645645645645,5ca9d676aa63e
firstname1,lastname2,645645645645645,5ca9d676cf90e
firstname1,lastname2,645645645645645,5ca9d676f28c9
firstname1,lastname2,645645645645645,5ca9d6772270a
firstname1,lastname2,645645645645645,5ca9d67747214
firstname1,lastname2,645645645645645,5ca9d67770c59
firstname1,lastname2,645645645645645,5ca9d67797d41
firstname1,lastname2,645645645645645,5ca9d677bf55d
firstname1,lastname2,645645645645645,5ca9d677e41de
firstname1,lastname2,645645645645645,5ca9d67813d96
firstname1,lastname2,645645645645645,5ca9d6783810f
firstname1,lastname2,645645645645645,5ca9d6785c229
firstname1,lastname2,645645645645645,5ca9d6787d4d9
firstname1,lastname2,645645645645645,5ca9d678a0edf
firstname1,lastname2,645645645645645,5ca9d678c0988
firstname1,lastname2,645645645645645,5ca9d678e2c66
firstname1,lastname2,645645645645645,5ca9d67914824
firstname1,lastname2,645645645645645,5ca9d6793bd9a
firstname1,lastname2,645645645645645,5ca9d6796135b
firstname1,lastname2,645645645645645,5ca9d6798706b
firstname1,lastname2,645645645645645,5ca9d679ac586
firstname1,lastname2,645645645645645,5ca9d679d67f4
firstname1,lastname2,645645645645645,5ca9d67a04d16
firstname1,lastname2,645645645645645,5ca9d67a24ccc
firstname1,lastname2,645645645645645,5ca9d67a46042
firstname1,lastname2,645645645645645,5ca9d67a67b7c
firstname1,lastname2,645645645645645,5ca9d67a8bc88
firstname1,lastname2,645645645645645,5ca9d67aabb78
firstname1,lastname2,645645645645645,5ca9d67acece4
firstname1,lastname2,645645645645645,5ca9d67b0884d
firstname1,lastname2,645645645645645,5ca9d67b2da10
firstname1,lastname2,645645645645645,5ca9d67b4f6cc
firstname1,lastname2,645645645645645,5ca9d67b6ac1a
firstname1,lastname2,645645645645645,5ca9d67b8b399
firstname1,lastname2,645645645645645,5ca9d67bb1e5e
firstname1,lastname2,645645645645645,5ca9d67bdbbaa
firstname1,lastname2,645645645645645,5ca9d67c09c07
firstname1,lastname2,645645645645645,5ca9d67c2a5c4
firstname1,lastname2,645645645645645,5ca9d67c5776a
firstname1,lastname2,645645645645645,5ca9d67c81901
firstname1,lastname2,645645645645645,5ca9d67ca37e6
firstname1,lastname2,645645645645645,5ca9d67cccb16
firstname1,lastname2,645645645645645,5ca9d67cf12a1
firstname1,lastname2,645645645645645,5ca9d67d1cf36
firstname1,lastname2,645645645645645,5ca9d67d42515
firstname1,lastname2,645645645645645,5ca9d67d6e8f3
firstname1,lastname2,645645645645645,5ca9d67d915ed
firstname1,lastname2,645645645645645,5ca9d67dc01dc
firstname1,lastname2,645645645645645,5ca9d67de72e9
firstname1,lastname2,645645645645645,5ca9d67e1064c
firstname1,lastname2,645645645645645,5ca9d67e40cc4
firstname1,lastname2,645645645645645,5ca9d67e62fde
firstname1,lastname2,645645645645645,5ca9d67e8c8b8
firstname1,lastname2,645645645645645,5ca9d67eaf3ab
firstname1,lastname2,645645645645645,5ca9d67eda341
firstname1,lastname2,645645645645645,5ca9d67f0f464
firstname1,lastname2,645645645645645,5ca9d67f30bd1
firstname1,lastname2,645645645645645,5ca9d67f5f15b
firstname1,lastname2,645645645645645,5ca9d67f81576
firstname1,lastname2,645645645645645,5ca9d67fac521
firstname1,lastname2,645645645645645,5ca9d67fd5e50
firstname1,lastname2,645645645645645,5ca9d68003a47
firstname1,lastname2,645645645645645,5ca9d6802f564
firstname1,lastname2,645645645645645,5ca9d68051866
firstname1,lastname2,645645645645645,5ca9d68079c35
firstname1,lastname2,645645645645645,5ca9d680a5816
firstname1,lastname2,645645645645645,5ca9d680c8683
firstname1,lastname2,645645645645645,5ca9d68101c72
firstname1,lastname2,645645645645645,5ca9d68126dbb
firstname1,lastname2,645645645645645,5ca9d681533ba
firstname1,lastname2,645645645645645,5ca9d68179ab8
firstname1,lastname2,645645645645645,5ca9d681a2956
firstname1,lastname2,645645645645645,5ca9d681ca786
firstname1,lastname2,645645645645645,5ca9d681e9819
firstname1,lastname2,645645645645645,5ca9d68221366
firstname1,lastname2,645645645645645,5ca9d6823f7fc
firstname1,lastname2,645645645645645,5ca9d6826dd7c
firstname1,lastname2,645645645645645,5ca9d682964b3
firstname1,lastname2,645645645645645,5ca9d682b96f3
firstname1,lastname2,645645645645645,5ca9d682e383a
firstname1,lastname2,645645645645645,5ca9d6831370e
firstname1,lastname2,645645645645645,5ca9d6834200a
firstname1,lastname2,645645645645645,5ca9d683660e5
firstname1,lastname2,645645645645645,5ca9d6838d38c
firstname1,lastname2,645645645645645,5ca9d683b2b38
firstname1,lastname2,645645645645645,5ca9d683d6657
firstname1,lastname2,645645645645645,5ca9d68408915
firstname1,lastname2,645645645645645,5ca9d68431c7a
firstname1,lastname2,645645645645645,5ca9d6844de7f
firstname1,lastname2,645645645645645,5ca9d6846ebc7
firstname1,lastname2,645645645645645,5ca9d684906e6
firstname1,lastname2,645645645645645,5ca9d684ba05f
firstname1,lastname2,645645645645645,5ca9d684dae38
firstname1,lastname2,645645645645645,5ca9d6850577a
firstname1,lastname2,645645645645645,5ca9d68526931
firstname1,lastname2,645645645645645,5ca9d6854d2f0
firstname1,lastname2,645645645645645,5ca9d68570180
firstname1,lastname2,645645645645645,5ca9d6859484b
firstname1,lastname2,645645645645645,5ca9d685b8965
firstname1,lastname2,645645645645645,5ca9d685db5c1
firstname1,lastname2,645645645645645,5ca9d68607b55
firstname1,lastname2,645645645645645,5ca9d6862d4d9
firstname1,lastname2,645645645645645,5ca9d6864d7f8
firstname1,lastname2,645645645645645,5ca9d68673b2b
firstname1,lastname2,645645645645645,5ca9d68698dba
firstname1,lastname2,645645645645645,5ca9d686bcf79
firstname1,lastname2,645645645645645,5ca9d686e1bd7
firstname1,lastname2,645645645645645,5ca9d6870fc07
firstname1,lastname2,645645645645645,5ca9d6872f3e1
firstname1,lastname2,645645645645645,5ca9d6875223e
firstname1,lastname2,645645645645645,5ca9d6877513b
firstname1,lastname2,645645645645645,5ca9d68798129
firstname1,lastname2,645645645645645,5ca9d687b9147
firstname1,lastname2,645645645645645,5ca9d687d52b9
firstname1,lastname2,645645645645645,5ca9d68802fa7
firstname1,lastname2,645645645645645,5ca9d688264be
firstname1,lastname2,645645645645645,5ca9d68849306
firstname1,lastname2,645645645645645,5ca9d6886bd2b
firstname1,lastname2,645645645645645,5ca9d68891d88
firstname1,lastname2,645645645645645,5ca9d688b51c5
firstname1,lastname2,645645645645645,5ca9d688d1e09
firstname1,lastname2,645645645645645,5ca9d688eeab0
firstname1,lastname2,645645645645645,5ca9d6891a8ab
firstname1,lastname2,645645645645645,5ca9d68937e5c
firstname1,lastname2,645645645645645,5ca9d689594d7
firstname1,lastname2,645645645645645,5ca9d68977c08
firstname1,lastname2,645645645645645,5ca9d68993627
firstname1,lastname2,645645645645645,5ca9d689b46ed
firstname1,lastname2,645645645645645,5ca9d689e705e
firstname1,lastname2,645645645645645,5ca9d68a27957
firstname1,lastname2,645645645645645,5ca9d68a55d3c
firstname1,lastname2,645645645645645,5ca9d68a8a38b
firstname1,lastname2,645645645645645,5ca9d68abe9ce
firstname1,lastname2,645645645645645,5ca9d68ae8e3e
firstname1,lastname2,645645645645645,5ca9d68b23b68
firstname1,lastname2,645645645645645,5ca9d68b57852
firstname1,lastname2,645645645645645,5ca9d68b95200
firstname1,lastname2,645645645645645,5ca9d68bd4016
firstname1,lastname2,645645645645645,5ca9d68c1732b
firstname1,lastname2,645645645645645,5ca9d68c45b98
firstname1,lastname2,645645645645645,5ca9d68c78894
firstname1,lastname2,645645645645645,5ca9d68cac4db
firstname1,lastname2,645645645645645,5ca9d68cdc8d8
firstname1,lastname2,645645645645645,5ca9d68d1c9bd
firstname1,lastname2,645645645645645,5ca9d68d4e42a
firstname1,lastname2,645645645645645,5ca9d68d6bd35
firstname1,lastname2,645645645645645,5ca9d68d85b4e
firstname1,lastname2,645645645645645,5ca9d68daa09e
firstname1,lastname2,645645645645645,5ca9d68dca0c7
firstname1,lastname2,645645645645645,5ca9d68de9832
firstname1,lastname2,645645645645645,5ca9d68e15a81
firstname1,lastname2,645645645645645,5ca9d68e324dd
firstname1,lastname2,645645645645645,5ca9d68e4d21a
firstname1,lastname2,645645645645645,5ca9d68e737f2
firstname1,lastname2,645645645645645,5ca9d68e94730
firstname1,lastname2,645645645645645,5ca9d68eb40fb
firstname1,lastname2,645645645645645,5ca9d68ed3ac2
firstname1,lastname2,645645645645645,5ca9d68f00d77
firstname1,lastname2,645645645645645,5ca9d68f20521
firstname1,lastname2,645645645645645,5ca9d68f3b435
firstname1,lastname2,645645645645645,5ca9d68f55590
firstname1,lastname2,645645645645645,5ca9d68f751eb
firstname1,lastname2,645645645645645,5ca9d68f94110
firstname1,lastname2,645645645645645,5ca9d68fb6008
firstname1,lastname2,645645645645645,5ca9d68fd385d
firstname1,lastname2,645645645645645,5ca9d68ff3e36
firstname1,lastname2,645645645645645,5ca9d69022618
firstname1,lastname2,645645645645645,5ca9d6903f28d
firstname1,lastname2,645645645645645,5ca9d69061169
firstname1,lastname2,645645645645645,5ca9d6907b9d7
firstname1,lastname2,645645645645645,5ca9d69095d2e
firstname1,lastname2,645645645645645,5ca9d690b768e
firstname1,lastname2,645645645645645,5ca9d690d3915
firstname1,lastname2,645645645645645,5ca9d690f29d4
firstname1,lastname2,645645645645645,5ca9d6911d932
firstname1,lastname2,645645645645645,5ca9d69157219
firstname1,lastname2,645645645645645,5ca9d69179206
firstname1,lastname2,645645645645645,5ca9d69195441
firstname1,lastname2,645645645645645,5ca9d691af8c8
firstname1,lastname2,645645645645645,5ca9d691c9af7
firstname1,lastname2,645645645645645,5ca9d691e739f
firstname1,lastname2,645645645645645,5ca9d6921b63d
firstname1,lastname2,645645645645645,5ca9d6923acaf
firstname1,lastname2,645645645645645,5ca9d6925a7d1
firstname1,lastname2,645645645645645,5ca9d69277588
firstname1,lastname2,645645645645645,5ca9d6929a5b9
firstname1,lastname2,645645645645645,5ca9d692be3ef
firstname1,lastname2,645645645645645,5ca9d692f2434
firstname1,lastname2,645645645645645,5ca9d693274a2
firstname1,lastname2,645645645645645,5ca9d6934bf0a
firstname1,lastname2,645645645645645,5ca9d6936f7b9
firstname1,lastname2,645645645645645,5ca9d69392d7c
firstname1,lastname2,645645645645645,5ca9d693c7f58
firstname1,lastname2,645645645645645,5ca9d69409bfb
firstname1,lastname2,645645645645645,5ca9d6944005c
firstname1,lastname2,645645645645645,5ca9d69475b37
firstname1,lastname2,645645645645645,5ca9d694a337f
firstname1,lastname2,645645645645645,5ca9d694d917f
firstname1,lastname2,645645645645645,5ca9d69517957
firstname1,lastname2,645645645645645,5ca9d695480a3
firstname1,lastname2,645645645645645,5ca9d6957154c
firstname1,lastname2,645645645645645,5ca9d69599a00
firstname1,lastname2,645645645645645,5ca9d695be690
firstname1,lastname2,645645645645645,5ca9d695d9f06
firstname1,lastname2,645645645645645,5ca9d69606ca6
firstname1,lastname2,645645645645645,5ca9d69626f11
firstname1,lastname2,645645645645645,5ca9d6964abe2
firstname1,lastname2,645645645645645,5ca9d69669122
firstname1,lastname2,645645645645645,5ca9d69688ca2
firstname1,lastname2,645645645645645,5ca9d696b28ad
firstname1,lastname2,645645645645645,5ca9d696d9863
firstname1,lastname2,645645645645645,5ca9d69705133
firstname1,lastname2,645645645645645,5ca9d69723e81
firstname1,lastname2,645645645645645,5ca9d6973fe00
firstname1,lastname2,645645645645645,5ca9d69760996
firstname1,lastname2,645645645645645,5ca9d69780713
firstname1,lastname2,645645645645645,5ca9d697a00e1
firstname1,lastname2,645645645645645,5ca9d697c0576
firstname1,lastname2,645645645645645,5ca9d697e0627
firstname1,lastname2,645645645645645,5ca9d6980b910
firstname1,lastname2,645645645645645,5ca9d698297a2
firstname1,lastname2,645645645645645,5ca9d698496f5
firstname1,lastname2,645645645645645,5ca9d69868705
firstname1,lastname2,645645645645645,5ca9d69882710
firstname1,lastname2,645645645645645,5ca9d698a31ee
firstname1,lastname2,645645645645645,5ca9d698be181
firstname1,lastname2,645645645645645,5ca9d698de2bb
firstname1,lastname2,645645645645645,5ca9d6990a64f
firstname1,lastname2,645645645645645,5ca9d6992d30d
firstname1,lastname2,645645645645645,5ca9d699489af
firstname1,lastname2,645645645645645,5ca9d699687df
firstname1,lastname2,645645645645645,5ca9d699878d7
firstname1,lastname2,645645645645645,5ca9d699a4e44
firstname1,lastname2,645645645645645,5ca9d699c44af
firstname1,lastname2,645645645645645,5ca9d699e172c
firstname1,lastname2,645645645645645,5ca9d69a0dba3
firstname1,lastname2,645645645645645,5ca9d69a2f4ae
firstname1,lastname2,645645645645645,5ca9d69a51070
firstname1,lastname2,645645645645645,5ca9d69a71d53
firstname1,lastname2,645645645645645,5ca9d69a941f0
firstname1,lastname2,645645645645645,5ca9d69ab5ec4
firstname1,lastname2,645645645645645,5ca9d69ad8d11
firstname1,lastname2,645645645645645,5ca9d69b0671c
firstname1,lastname2,645645645645645,5ca9d69b24aa4
firstname1,lastname2,645645645645645,5ca9d69b45bf7
firstname1,lastname2,645645645645645,5ca9d69b604fe
firstname1,lastname2,645645645645645,5ca9d69b7f336
firstname1,lastname2,645645645645645,5ca9d69b9ee8c
firstname1,lastname2,645645645645645,5ca9d69bbd6ee
firstname1,lastname2,645645645645645,5ca9d69bd94e5
firstname1,lastname2,645645645645645,5ca9d69c069ff
firstname1,lastname2,645645645645645,5ca9d69c2a264
firstname1,lastname2,645645645645645,5ca9d69c52dae
firstname1,lastname2,645645645645645,5ca9d69c711a8
firstname1,lastname2,645645645645645,5ca9d69c90ccb
firstname1,lastname2,645645645645645,5ca9d69caaf31
firstname1,lastname2,645645645645645,5ca9d69cc65fd
firstname1,lastname2,645645645645645,5ca9d69ce328a
firstname1,lastname2,645645645645645,5ca9d69d0cfd6
firstname1,lastname2,645645645645645,5ca9d69d2c7a0
firstname1,lastname2,645645645645645,5ca9d69d4b33f
firstname1,lastname2,645645645645645,5ca9d69d6e324
firstname1,lastname2,645645645645645,5ca9d69d8fb8c
firstname1,lastname2,645645645645645,5ca9d69daadbc
firstname1,lastname2,645645645645645,5ca9d69dcd864
firstname1,lastname2,645645645645645,5ca9d69dec59c
firstname1,lastname2,645645645645645,5ca9d69e18506
firstname1,lastname2,645645645645645,5ca9d69e36800
firstname1,lastname2,645645645645645,5ca9d69e598ee
firstname1,lastname2,645645645645645,5ca9d69e7acc7
firstname1,lastname2,645645645645645,5ca9d69e99f43
firstname1,lastname2,645645645645645,5ca9d69eb976a
firstname1,lastname2,645645645645645,5ca9d69eda94b
firstname1,lastname2,645645645645645,5ca9d69f0ceca
firstname1,lastname2,645645645645645,5ca9d69f29712
firstname1,lastname2,645645645645645,5ca9d69f49bb2
firstname1,lastname2,645645645645645,5ca9d69f63e35
firstname1,lastname2,645645645645645,5ca9d69f845fd
firstname1,lastname2,645645645645645,5ca9d69fab275
firstname1,lastname2,645645645645645,5ca9d69fda78d
firstname1,lastname2,645645645645645,5ca9d6a017c2d
firstname1,lastname2,645645645645645,5ca9d6a03fab4
firstname1,lastname2,645645645645645,5ca9d6a071141
firstname1,lastname2,645645645645645,5ca9d6a0a1020
firstname1,lastname2,645645645645645,5ca9d6a0d3a04
firstname1,lastname2,645645645645645,5ca9d6a108409
firstname1,lastname2,645645645645645,5ca9d6a123848
firstname1,lastname2,645645645645645,5ca9d6a14aba1
firstname1,lastname2,645645645645645,5ca9d6a16e180
firstname1,lastname2,645645645645645,5ca9d6a189574
firstname1,lastname2,645645645645645,5ca9d6a1a6ec8
firstname1,lastname2,645645645645645,5ca9d6a1c806e
firstname1,lastname2,645645645645645,5ca9d6a1f0fa4
firstname1,lastname2,645645645645645,5ca9d6a2288d4
firstname1,lastname2,645645645645645,5ca9d6a261307
firstname1,lastname2,645645645645645,5ca9d6a2944b7
firstname1,lastname2,645645645645645,5ca9d6a2c74de
firstname1,lastname2,645645645645645,5ca9d6a3003b7
firstname1,lastname2,645645645645645,5ca9d6a32e51e
firstname1,lastname2,645645645645645,5ca9d6a3654f4
firstname1,lastname2,645645645645645,5ca9d6a397e42
firstname1,lastname2,645645645645645,5ca9d6a3cacc4
firstname1,lastname2,645645645645645,5ca9d6a40c84b
firstname1,lastname2,645645645645645,5ca9d6a43fa0e
firstname1,lastname2,645645645645645,5ca9d6a46fe80
firstname1,lastname2,645645645645645,5ca9d6a49eae5
firstname1,lastname2,645645645645645,5ca9d6a4ccd55
firstname1,lastname2,645645645645645,5ca9d6a505c23
firstname1,lastname2,645645645645645,5ca9d6a5353b1
firstname1,lastname2,645645645645645,5ca9d6a561b87
firstname1,lastname2,645645645645645,5ca9d6a5837a9
firstname1,lastname2,645645645645645,5ca9d6a5aab78
firstname1,lastname2,645645645645645,5ca9d6a5c5126
firstname1,lastname2,645645645645645,5ca9d6a5e67b6
firstname1,lastname2,645645645645645,5ca9d6a60d019
firstname1,lastname2,645645645645645,5ca9d6a62cf18
firstname1,lastname2,645645645645645,5ca9d6a64f62e
firstname1,lastname2,645645645645645,5ca9d6a6702ae
firstname1,lastname2,645645645645645,5ca9d6a69092c
firstname1,lastname2,645645645645645,5ca9d6a6b01b1
firstname1,lastname2,645645645645645,5ca9d6a6cecc9
firstname1,lastname2,645645645645645,5ca9d6a6ed2f8
firstname1,lastname2,645645645645645,5ca9d6a718a72
firstname1,lastname2,645645645645645,5ca9d6a7381cb
firstname1,lastname2,645645645645645,5ca9d6a758c21
firstname1,lastname2,645645645645645,5ca9d6a77411e
firstname1,lastname2,645645645645645,5ca9d6a795005
firstname1,lastname2,645645645645645,5ca9d6a7af876
firstname1,lastname2,645645645645645,5ca9d6a7d69f5
firstname1,lastname2,645645645645645,5ca9d6a803af1
firstname1,lastname2,645645645645645,5ca9d6a821e78
firstname1,lastname2,645645645645645,5ca9d6a84354d
firstname1,lastname2,645645645645645,5ca9d6a8638a0
firstname1,lastname2,645645645645645,5ca9d6a88282f
firstname1,lastname2,645645645645645,5ca9d6a8a4022
firstname1,lastname2,645645645645645,5ca9d6a8bfb10
firstname1,lastname2,645645645645645,5ca9d6a8d9a2b
firstname1,lastname2,645645645645645,5ca9d6a904f14
firstname1,lastname2,645645645645645,5ca9d6a929cf1
firstname1,lastname2,645645645645645,5ca9d6a947059
firstname1,lastname2,645645645645645,5ca9d6a969594
firstname1,lastname2,645645645645645,5ca9d6a988128
firstname1,lastname2,645645645645645,5ca9d6a9a5806
firstname1,lastname2,645645645645645,5ca9d6a9cb3b0
firstname1,lastname2,645645645645645,5ca9d6a9eb5df
firstname1,lastname2,645645645645645,5ca9d6aa12c25
firstname1,lastname2,645645645645645,5ca9d6aa2ceab
firstname1,lastname2,645645645645645,5ca9d6aa49610
firstname1,lastname2,645645645645645,5ca9d6aa6ddd8
firstname1,lastname2,645645645645645,5ca9d6aa8ce07
firstname1,lastname2,645645645645645,5ca9d6aaae323
firstname1,lastname2,645645645645645,5ca9d6aad3656
firstname1,lastname2,645645645645645,5ca9d6aaf09a1
firstname1,lastname2,645645645645645,5ca9d6ab1f2d1
firstname1,lastname2,645645645645645,5ca9d6ab40771
firstname1,lastname2,645645645645645,5ca9d6ab623c6
firstname1,lastname2,645645645645645,5ca9d6ab81d11
firstname1,lastname2,645645645645645,5ca9d6aba0962
firstname1,lastname2,645645645645645,5ca9d6abbf5c1
firstname1,lastname2,645645645645645,5ca9d6abdae7d
firstname1,lastname2,645645645645645,5ca9d6ac03b4f
firstname1,lastname2,645645645645645,5ca9d6ac23fd0
firstname1,lastname2,645645645645645,5ca9d6ac4607b
firstname1,lastname2,645645645645645,5ca9d6ac65778
firstname1,lastname2,645645645645645,5ca9d6ac84929
firstname1,lastname2,645645645645645,5ca9d6aca4e0d
firstname1,lastname2,645645645645645,5ca9d6acbebfd
firstname1,lastname2,645645645645645,5ca9d6acdef24
firstname1,lastname2,645645645645645,5ca9d6ad05aab
firstname1,lastname2,645645645645645,5ca9d6ad25963
firstname1,lastname2,645645645645645,5ca9d6ad45d5f
firstname1,lastname2,645645645645645,5ca9d6ad6a288
firstname1,lastname2,645645645645645,5ca9d6ad8af8e
firstname1,lastname2,645645645645645,5ca9d6adab0b7
firstname1,lastname2,645645645645645,5ca9d6adceaa6
firstname1,lastname2,645645645645645,5ca9d6adea2dd
firstname1,lastname2,645645645645645,5ca9d6ae16e5f
firstname1,lastname2,645645645645645,5ca9d6ae32883
firstname1,lastname2,645645645645645,5ca9d6ae4ebd6
firstname1,lastname2,645645645645645,5ca9d6ae6dc0b
firstname1,lastname2,645645645645645,5ca9d6ae89908
firstname1,lastname2,645645645645645,5ca9d6aea3d9e
firstname1,lastname2,645645645645645,5ca9d6aec2791
firstname1,lastname2,645645645645645,5ca9d6aee09e8
firstname1,lastname2,645645645645645,5ca9d6af0abfc
firstname1,lastname2,645645645645645,5ca9d6af24e25
firstname1,lastname2,645645645645645,5ca9d6af437b1
firstname1,lastname2,645645645645645,5ca9d6af63d2c
firstname1,lastname2,645645645645645,5ca9d6af8347b
firstname1,lastname2,645645645645645,5ca9d6afa5bf6
firstname1,lastname2,645645645645645,5ca9d6afc9771
firstname1,lastname2,645645645645645,5ca9d6afea5d6
firstname1,lastname2,645645645645645,5ca9d6b017d2b
firstname1,lastname2,645645645645645,5ca9d6b0369fb
firstname1,lastname2,645645645645645,5ca9d6b05aaf9
firstname1,lastname2,645645645645645,5ca9d6b07d2a2
firstname1,lastname2,645645645645645,5ca9d6b0a69b3
firstname1,lastname2,645645645645645,5ca9d6b0c7957
firstname1,lastname2,645645645645645,5ca9d6b0e4bef
firstname1,lastname2,645645645645645,5ca9d6b10bb3b
firstname1,lastname2,645645645645645,5ca9d6b13526e
firstname1,lastname2,645645645645645,5ca9d6b156e03
firstname1,lastname2,645645645645645,5ca9d6b176ba4
firstname1,lastname2,645645645645645,5ca9d6b1976be
firstname1,lastname2,645645645645645,5ca9d6b1b86ed
firstname1,lastname2,645645645645645,5ca9d6b1d3641
firstname1,lastname2,645645645645645,5ca9d6b21181c
firstname1,lastname2,645645645645645,5ca9d6b234aa1
firstname1,lastname2,645645645645645,5ca9d6b2569c0
firstname1,lastname2,645645645645645,5ca9d6b278af8
firstname1,lastname2,645645645645645,5ca9d6b296784
firstname1,lastname2,645645645645645,5ca9d6b2b25a1
firstname1,lastname2,645645645645645,5ca9d6b2d079e
firstname1,lastname2,645645645645645,5ca9d6b2f12c5
firstname1,lastname2,645645645645645,5ca9d6b3231ea
firstname1,lastname2,645645645645645,5ca9d6b34879f
firstname1,lastname2,645645645645645,5ca9d6b36eeac
firstname1,lastname2,645645645645645,5ca9d6b38e69c
firstname1,lastname2,645645645645645,5ca9d6b3ad11c
firstname1,lastname2,645645645645645,5ca9d6b3cd7bb
firstname1,lastname2,645645645645645,5ca9d6b407cd1
firstname1,lastname2,645645645645645,5ca9d6b42b323
firstname1,lastname2,645645645645645,5ca9d6b451cc0
firstname1,lastname2,645645645645645,5ca9d6b471d90
firstname1,lastname2,645645645645645,5ca9d6b492950
firstname1,lastname2,645645645645645,5ca9d6b4be14d
firstname1,lastname2,645645645645645,5ca9d6b4dd7b0
firstname1,lastname2,645645645645645,5ca9d6b508bc2
firstname1,lastname2,645645645645645,5ca9d6b52a475
firstname1,lastname2,645645645645645,5ca9d6b54985b
firstname1,lastname2,645645645645645,5ca9d6b5659e5
firstname1,lastname2,645645645645645,5ca9d6b581d22
firstname1,lastname2,645645645645645,5ca9d6b5a25ad
firstname1,lastname2,645645645645645,5ca9d6b5c25a9
firstname1,lastname2,645645645645645,5ca9d6b5e2351
firstname1,lastname2,645645645645645,5ca9d6b60cb08
firstname1,lastname2,645645645645645,5ca9d6b62d2cc
firstname1,lastname2,645645645645645,5ca9d6b64cd5f
firstname1,lastname2,645645645645645,5ca9d6b670915
firstname1,lastname2,645645645645645,5ca9d6b692f55
firstname1,lastname2,645645645645645,5ca9d6b6b6cef
firstname1,lastname2,645645645645645,5ca9d6b6d9096
firstname1,lastname2,645645645645645,5ca9d6b705de0
firstname1,lastname2,645645645645645,5ca9d6b729f16
firstname1,lastname2,645645645645645,5ca9d6b74ae07
firstname1,lastname2,645645645645645,5ca9d6b76a316
firstname1,lastname2,645645645645645,5ca9d6b78937f
firstname1,lastname2,645645645645645,5ca9d6b7a8bec
firstname1,lastname2,645645645645645,5ca9d6b7c2f13
firstname1,lastname2,645645645645645,5ca9d6b7dcff9
firstname1,lastname2,645645645645645,5ca9d6b809f30
firstname1,lastname2,645645645645645,5ca9d6b828c3e
firstname1,lastname2,645645645645645,5ca9d6b843474
firstname1,lastname2,645645645645645,5ca9d6b865018
firstname1,lastname2,645645645645645,5ca9d6b87f75c
firstname1,lastname2,645645645645645,5ca9d6b89d03d
firstname1,lastname2,645645645645645,5ca9d6b8bebc3
firstname1,lastname2,645645645645645,5ca9d6b8dd35a
firstname1,lastname2,645645645645645,5ca9d6b909358
firstname1,lastname2,645645645645645,5ca9d6b92b739
firstname1,lastname2,645645645645645,5ca9d6b94c124
firstname1,lastname2,645645645645645,5ca9d6b96810c
firstname1,lastname2,645645645645645,5ca9d6b9842dc
firstname1,lastname2,645645645645645,5ca9d6b9a4b18
firstname1,lastname2,645645645645645,5ca9d6b9c39f5
firstname1,lastname2,645645645645645,5ca9d6b9ddd37
firstname1,lastname2,645645645645645,5ca9d6ba08902
firstname1,lastname2,645645645645645,5ca9d6ba28357
firstname1,lastname2,645645645645645,5ca9d6ba479e5
firstname1,lastname2,645645645645645,5ca9d6ba66680
firstname1,lastname2,645645645645645,5ca9d6ba8255b
firstname1,lastname2,645645645645645,5ca9d6baa151c
firstname1,lastname2,645645645645645,5ca9d6bac1771
firstname1,lastname2,645645645645645,5ca9d6bae2927
firstname1,lastname2,645645645645645,5ca9d6bb0e410
firstname1,lastname2,645645645645645,5ca9d6bb30cbd
firstname1,lastname2,645645645645645,5ca9d6bb58a27
firstname1,lastname2,645645645645645,5ca9d6bb7cec2
firstname1,lastname2,645645645645645,5ca9d6bba1301
firstname1,lastname2,645645645645645,5ca9d6bbc5b05
firstname1,lastname2,645645645645645,5ca9d6bbe9c07
firstname1,lastname2,645645645645645,5ca9d6bc1633f
firstname1,lastname2,645645645645645,5ca9d6bc3163d
firstname1,lastname2,645645645645645,5ca9d6bc51ef9
firstname1,lastname2,645645645645645,5ca9d6bc709ec
firstname1,lastname2,645645645645645,5ca9d6bca2f96
firstname1,lastname2,645645645645645,5ca9d6bccfb95
firstname1,lastname2,645645645645645,5ca9d6bcefcce
firstname1,lastname2,645645645645645,5ca9d6bd18b63
firstname1,lastname2,645645645645645,5ca9d6bd3ba48
firstname1,lastname2,645645645645645,5ca9d6bd56d9d
firstname1,lastname2,645645645645645,5ca9d6bd7d90d
firstname1,lastname2,645645645645645,5ca9d6bda0268
firstname1,lastname2,645645645645645,5ca9d6bdc16ef
firstname1,lastname2,645645645645645,5ca9d6bde35df
firstname1,lastname2,645645645645645,5ca9d6be15888
firstname1,lastname2,645645645645645,5ca9d6be34768
firstname1,lastname2,645645645645645,5ca9d6be57c64
firstname1,lastname2,645645645645645,5ca9d6be7b91a
firstname1,lastname2,645645645645645,5ca9d6be9e0b8
firstname1,lastname2,645645645645645,5ca9d6bec01b7
firstname1,lastname2,645645645645645,5ca9d6bede4e1
firstname1,lastname2,645645645645645,5ca9d6bf0a108
firstname1,lastname2,645645645645645,5ca9d6bf28200
firstname1,lastname2,645645645645645,5ca9d6bf43ee9
firstname1,lastname2,645645645645645,5ca9d6bf6353a
firstname1,lastname2,645645645645645,5ca9d6bf829b7
firstname1,lastname2,645645645645645,5ca9d6bfa208a
firstname1,lastname2,645645645645645,5ca9d6bfc29d0
firstname1,lastname2,645645645645645,5ca9d6bfe3174
firstname1,lastname2,645645645645645,5ca9d6c00cfa8
firstname1,lastname2,645645645645645,5ca9d6c02cbff
firstname1,lastname2,645645645645645,5ca9d6c04ba49
firstname1,lastname2,645645645645645,5ca9d6c065874
firstname1,lastname2,645645645645645,5ca9d6c085405
firstname1,lastname2,645645645645645,5ca9d6c0a358b
firstname1,lastname2,645645645645645,5ca9d6c0c7ec4
firstname1,lastname2,645645645645645,5ca9d6c0e850b
firstname1,lastname2,645645645645645,5ca9d6c113ef0
firstname1,lastname2,645645645645645,5ca9d6c134140
firstname1,lastname2,645645645645645,5ca9d6c15316c
firstname1,lastname2,645645645645645,5ca9d6c173b83
firstname1,lastname2,645645645645645,5ca9d6c1946e4
firstname1,lastname2,645645645645645,5ca9d6c1b3936
firstname1,lastname2,645645645645645,5ca9d6c1ce7ff
firstname1,lastname2,645645645645645,5ca9d6c1ee9f7
firstname1,lastname2,645645645645645,5ca9d6c215f73
firstname1,lastname2,645645645645645,5ca9d6c23574c
firstname1,lastname2,645645645645645,5ca9d6c2538b4
firstname1,lastname2,645645645645645,5ca9d6c2736fd
firstname1,lastname2,645645645645645,5ca9d6c2977f1
firstname1,lastname2,645645645645645,5ca9d6c2badaf
firstname1,lastname2,645645645645645,5ca9d6c2d5138
firstname1,lastname2,645645645645645,5ca9d6c300dd7
firstname1,lastname2,645645645645645,5ca9d6c31b734
firstname1,lastname2,645645645645645,5ca9d6c33abed
firstname1,lastname2,645645645645645,5ca9d6c35e4a9
firstname1,lastname2,645645645645645,5ca9d6c37f162
firstname1,lastname2,645645645645645,5ca9d6c39bd4b
firstname1,lastname2,645645645645645,5ca9d6c3bb364
firstname1,lastname2,645645645645645,5ca9d6c3de89e
firstname1,lastname2,645645645645645,5ca9d6c404688
firstname1,lastname2,645645645645645,5ca9d6c42383f
firstname1,lastname2,645645645645645,5ca9d6c441a42
firstname1,lastname2,645645645645645,5ca9d6c4612d0
firstname1,lastname2,645645645645645,5ca9d6c484236
firstname1,lastname2,645645645645645,5ca9d6c4a74cc
firstname1,lastname2,645645645645645,5ca9d6c4c65cb
firstname1,lastname2,645645645645645,5ca9d6c4ea2fd
firstname1,lastname2,645645645645645,5ca9d6c5182ab
firstname1,lastname2,645645645645645,5ca9d6c5346d9
firstname1,lastname2,645645645645645,5ca9d6c54f323
firstname1,lastname2,645645645645645,5ca9d6c56f148
firstname1,lastname2,645645645645645,5ca9d6c590008
firstname1,lastname2,645645645645645,5ca9d6c5b28c7
firstname1,lastname2,645645645645645,5ca9d6c5d6e6b
firstname1,lastname2,645645645645645,5ca9d6c6073a2
firstname1,lastname2,645645645645645,5ca9d6c6315fe
firstname1,lastname2,645645645645645,5ca9d6c65915d
firstname1,lastname2,645645645645645,5ca9d6c67c2b8
firstname1,lastname2,645645645645645,5ca9d6c6ab611
firstname1,lastname2,645645645645645,5ca9d6c6d8880
firstname1,lastname2,645645645645645,5ca9d6c6f41a0
firstname1,lastname2,645645645645645,5ca9d6c71fc98
firstname1,lastname2,645645645645645,5ca9d6c73f4c8
firstname1,lastname2,645645645645645,5ca9d6c761cc2
firstname1,lastname2,645645645645645,5ca9d6c781c23
firstname1,lastname2,645645645645645,5ca9d6c7a37f8
firstname1,lastname2,645645645645645,5ca9d6c7c3dff
firstname1,lastname2,645645645645645,5ca9d6c7e43f5
firstname1,lastname2,645645645645645,5ca9d6c80c0f9
firstname1,lastname2,645645645645645,5ca9d6c832324
firstname1,lastname2,645645645645645,5ca9d6c85d4d4
firstname1,lastname2,645645645645645,5ca9d6c87dd1e
firstname1,lastname2,645645645645645,5ca9d6c89fa27
firstname1,lastname2,645645645645645,5ca9d6c8c3209
firstname1,lastname2,645645645645645,5ca9d6c8de83a
firstname1,lastname2,645645645645645,5ca9d6c907a45
firstname1,lastname2,645645645645645,5ca9d6c92df4e
firstname1,lastname2,645645645645645,5ca9d6c9534c9
firstname1,lastname2,645645645645645,5ca9d6c973a66
firstname1,lastname2,645645645645645,5ca9d6c9907f6
firstname1,lastname2,645645645645645,5ca9d6c9b0000
firstname1,lastname2,645645645645645,5ca9d6c9cbed6
firstname1,lastname2,645645645645645,5ca9d6c9e5d39
firstname1,lastname2,645645645645645,5ca9d6ca0f764
firstname1,lastname2,645645645645645,5ca9d6ca2dbc6
firstname1,lastname2,645645645645645,5ca9d6ca4b4b3
firstname1,lastname2,645645645645645,5ca9d6ca6d75d
firstname1,lastname2,645645645645645,5ca9d6ca89a1c
firstname1,lastname2,645645645645645,5ca9d6caa8a10
firstname1,lastname2,645645645645645,5ca9d6cac9822
firstname1,lastname2,645645645645645,5ca9d6cae548c
firstname1,lastname2,645645645645645,5ca9d6cb0cdca
firstname1,lastname2,645645645645645,5ca9d6cb2ee91
firstname1,lastname2,645645645645645,5ca9d6cb545fc
firstname1,lastname2,645645645645645,5ca9d6cb751d7
firstname1,lastname2,645645645645645,5ca9d6cb96b5f
firstname1,lastname2,645645645645645,5ca9d6cbb5cda
firstname1,lastname2,645645645645645,5ca9d6cbd629c
firstname1,lastname2,645645645645645,5ca9d6cc03adb
firstname1,lastname2,645645645645645,5ca9d6cc29a4b
firstname1,lastname2,645645645645645,5ca9d6cc4c69d
firstname1,lastname2,645645645645645,5ca9d6cc6ae9c
firstname1,lastname2,645645645645645,5ca9d6cc895f3
firstname1,lastname2,645645645645645,5ca9d6ccaa06d
firstname1,lastname2,645645645645645,5ca9d6cccc726
firstname1,lastname2,645645645645645,5ca9d6ccec122
firstname1,lastname2,645645645645645,5ca9d6cd1a00b
firstname1,lastname2,645645645645645,5ca9d6cd50656
firstname1,lastname2,645645645645645,5ca9d6cd70f92
firstname1,lastname2,645645645645645,5ca9d6cd94cb5
firstname1,lastname2,645645645645645,5ca9d6cdc3b02
firstname1,lastname2,645645645645645,5ca9d6ce07069
firstname1,lastname2,645645645645645,5ca9d6ce39c63
firstname1,lastname2,645645645645645,5ca9d6ce70e45
firstname1,lastname2,645645645645645,5ca9d6ceac128
firstname1,lastname2,645645645645645,5ca9d6cee2e79
firstname1,lastname2,645645645645645,5ca9d6cf1d86e
firstname1,lastname2,645645645645645,5ca9d6cf4a506
firstname1,lastname2,645645645645645,5ca9d6cf7554f
firstname1,lastname2,645645645645645,5ca9d6cfab585
firstname1,lastname2,645645645645645,5ca9d6cfdc888
firstname1,lastname2,645645645645645,5ca9d6d01c4ad
firstname1,lastname2,645645645645645,5ca9d6d04fc84
firstname1,lastname2,645645645645645,5ca9d6d08b6b1
firstname1,lastname2,645645645645645,5ca9d6d0bf5ad
firstname1,lastname2,645645645645645,5ca9d6d0f057e
firstname1,lastname2,645645645645645,5ca9d6d12be2d
firstname1,lastname2,645645645645645,5ca9d6d15d7d5
firstname1,lastname2,645645645645645,5ca9d6d18b3f5
firstname1,lastname2,645645645645645,5ca9d6d1b63f8
firstname1,lastname2,645645645645645,5ca9d6d1e3449
firstname1,lastname2,645645645645645,5ca9d6d221756
firstname1,lastname2,645645645645645,5ca9d6d254469
firstname1,lastname2,645645645645645,5ca9d6d281efc
firstname1,lastname2,645645645645645,5ca9d6d2b45da
firstname1,lastname2,645645645645645,5ca9d6d2eb8b5
firstname1,lastname2,645645645645645,5ca9d6d330343
firstname1,lastname2,645645645645645,5ca9d6d368572
firstname1,lastname2,645645645645645,5ca9d6d3a1745
firstname1,lastname2,645645645645645,5ca9d6d3da076
firstname1,lastname2,645645645645645,5ca9d6d4223fb
firstname1,lastname2,645645645645645,5ca9d6d45ee69
firstname1,lastname2,645645645645645,5ca9d6d497aae
firstname1,lastname2,645645645645645,5ca9d6d4dcba9
firstname1,lastname2,645645645645645,5ca9d6d50ff24
firstname1,lastname2,645645645645645,5ca9d6d542b7c
firstname1,lastname2,645645645645645,5ca9d6d5734a7
firstname1,lastname2,645645645645645,5ca9d6d5a1a9c
firstname1,lastname2,645645645645645,5ca9d6d5d9a7c
firstname1,lastname2,645645645645645,5ca9d6d60f0e8
firstname1,lastname2,645645645645645,5ca9d6d62f110
firstname1,lastname2,645645645645645,5ca9d6d64f8e4
firstname1,lastname2,645645645645645,5ca9d6d67743a
firstname1,lastname2,645645645645645,5ca9d6d6a52ae
firstname1,lastname2,645645645645645,5ca9d6d6c8b0e
firstname1,lastname2,645645645645645,5ca9d6d6e5d4e
firstname1,lastname2,645645645645645,5ca9d6d70d72f
firstname1,lastname2,645645645645645,5ca9d6d72cef1
firstname1,lastname2,645645645645645,5ca9d6d74bf00
firstname1,lastname2,645645645645645,5ca9d6d76b2ea
firstname1,lastname2,645645645645645,5ca9d6d78a584
firstname1,lastname2,645645645645645,5ca9d6d7ac135
firstname1,lastname2,645645645645645,5ca9d6d7d8ac9
firstname1,lastname2,645645645645645,5ca9d6d7f35b1
firstname1,lastname2,645645645645645,5ca9d6d82dd82
firstname1,lastname2,645645645645645,5ca9d6d862350
firstname1,lastname2,645645645645645,5ca9d6d88cb1b
firstname1,lastname2,645645645645645,5ca9d6d8ae145
firstname1,lastname2,645645645645645,5ca9d6d8c879f
firstname1,lastname2,645645645645645,5ca9d6d8e4269
firstname1,lastname2,645645645645645,5ca9d6d910275
firstname1,lastname2,645645645645645,5ca9d6d934e49
firstname1,lastname2,645645645645645,5ca9d6d953386
firstname1,lastname2,645645645645645,5ca9d6d972702
firstname1,lastname2,645645645645645,5ca9d6d98ceec
firstname1,lastname2,645645645645645,5ca9d6d9a96b6
firstname1,lastname2,645645645645645,5ca9d6d9c8d0b
firstname1,lastname2,645645645645645,5ca9d6d9e8ce2
firstname1,lastname2,645645645645645,5ca9d6da10131
firstname1,lastname2,645645645645645,5ca9d6da2d0a9
firstname1,lastname2,645645645645645,5ca9d6da492b3
firstname1,lastname2,645645645645645,5ca9d6da64e09
firstname1,lastname2,645645645645645,5ca9d6da83a15
firstname1,lastname2,645645645645645,5ca9d6da9fbdb
firstname1,lastname2,645645645645645,5ca9d6dabfb10
firstname1,lastname2,645645645645645,5ca9d6dadac3f
firstname1,lastname2,645645645645645,5ca9d6db08a67
firstname1,lastname2,645645645645645,5ca9d6db3152d
firstname1,lastname2,645645645645645,5ca9d6db4ced6
firstname1,lastname2,645645645645645,5ca9d6db6db43
firstname1,lastname2,645645645645645,5ca9d6db88d06
firstname1,lastname2,645645645645645,5ca9d6dbaa592
firstname1,lastname2,645645645645645,5ca9d6dbcefb4
firstname1,lastname2,645645645645645,5ca9d6dbf0506
firstname1,lastname2,645645645645645,5ca9d6dc1e7ac
firstname1,lastname2,645645645645645,5ca9d6dc3ffba
firstname1,lastname2,645645645645645,5ca9d6dc61904
firstname1,lastname2,645645645645645,5ca9d6dc81910
firstname1,lastname2,645645645645645,5ca9d6dc9ef4b
firstname1,lastname2,645645645645645,5ca9d6dcc247f
firstname1,lastname2,645645645645645,5ca9d6dceab87
firstname1,lastname2,645645645645645,5ca9d6dd18bb9
firstname1,lastname2,645645645645645,5ca9d6dd373c8
firstname1,lastname2,645645645645645,5ca9d6dd628f8
firstname1,lastname2,645645645645645,5ca9d6dd7d310
firstname1,lastname2,645645645645645,5ca9d6dd9d3ac
firstname1,lastname2,645645645645645,5ca9d6ddc2d2c
firstname1,lastname2,645645645645645,5ca9d6dde4701
firstname1,lastname2,645645645645645,5ca9d6de13b4e
firstname1,lastname2,645645645645645,5ca9d6de343cf
firstname1,lastname2,645645645645645,5ca9d6de549b1
firstname1,lastname2,645645645645645,5ca9d6de75232
firstname1,lastname2,645645645645645,5ca9d6de8fa60
firstname1,lastname2,645645645645645,5ca9d6deaf7d7
firstname1,lastname2,645645645645645,5ca9d6dece273
firstname1,lastname2,645645645645645,5ca9d6deeda0a
firstname1,lastname2,645645645645645,5ca9d6df240b6
firstname1,lastname2,645645645645645,5ca9d6df54c68
firstname1,lastname2,645645645645645,5ca9d6df77f55
firstname1,lastname2,645645645645645,5ca9d6df9a0b6
firstname1,lastname2,645645645645645,5ca9d6dfb97ff
firstname1,lastname2,645645645645645,5ca9d6dfd926e
firstname1,lastname2,645645645645645,5ca9d6e0050bf
firstname1,lastname2,645645645645645,5ca9d6e027e12
firstname1,lastname2,645645645645645,5ca9d6e04b7b0
firstname1,lastname2,645645645645645,5ca9d6e06ec7d
firstname1,lastname2,645645645645645,5ca9d6e08f58a
firstname1,lastname2,645645645645645,5ca9d6e0af815
firstname1,lastname2,645645645645645,5ca9d6e0d5815
firstname1,lastname2,645645645645645,5ca9d6e1020e2
firstname1,lastname2,645645645645645,5ca9d6e11e104
firstname1,lastname2,645645645645645,5ca9d6e145d19
firstname1,lastname2,645645645645645,5ca9d6e161cfc
firstname1,lastname2,645645645645645,5ca9d6e184ca1
firstname1,lastname2,645645645645645,5ca9d6e1b0afe
firstname1,lastname2,645645645645645,5ca9d6e1e440c
firstname1,lastname2,645645645645645,5ca9d6e22dc3c
firstname1,lastname2,645645645645645,5ca9d6e26a5b0
firstname1,lastname2,645645645645645,5ca9d6e29eb33
firstname1,lastname2,645645645645645,5ca9d6e2d19cd
firstname1,lastname2,645645645645645,5ca9d6e30ef0b
firstname1,lastname2,645645645645645,5ca9d6e3391a8
firstname1,lastname2,645645645645645,5ca9d6e36c6d5
firstname1,lastname2,645645645645645,5ca9d6e39f640
firstname1,lastname2,645645645645645,5ca9d6e3d97c9
firstname1,lastname2,645645645645645,5ca9d6e416926
firstname1,lastname2,645645645645645,5ca9d6e44e078
firstname1,lastname2,645645645645645,5ca9d6e469a01
firstname1,lastname2,645645645645645,5ca9d6e492bda
firstname1,lastname2,645645645645645,5ca9d6e4b644c
firstname1,lastname2,645645645645645,5ca9d6e4e1e05
firstname1,lastname2,645645645645645,5ca9d6e52130b
firstname1,lastname2,645645645645645,5ca9d6e547562
firstname1,lastname2,645645645645645,5ca9d6e56b46a
firstname1,lastname2,645645645645645,5ca9d6e58f2b6
firstname1,lastname2,645645645645645,5ca9d6e5b5d88
firstname1,lastname2,645645645645645,5ca9d6e5e9557
firstname1,lastname2,645645645645645,5ca9d6e632295
firstname1,lastname2,645645645645645,5ca9d6e65fd40
firstname1,lastname2,645645645645645,5ca9d6e6947da
firstname1,lastname2,645645645645645,5ca9d6e6c8a75
firstname1,lastname2,645645645645645,5ca9d6e7094ab
firstname1,lastname2,645645645645645,5ca9d6e736a3e
firstname1,lastname2,645645645645645,5ca9d6e76f8b2
firstname1,lastname2,645645645645645,5ca9d6e7a904e
firstname1,lastname2,645645645645645,5ca9d6e7d7257
firstname1,lastname2,645645645645645,5ca9d6e81171f
firstname1,lastname2,645645645645645,5ca9d6e83ea09
firstname1,lastname2,645645645645645,5ca9d6e863c16
firstname1,lastname2,645645645645645,5ca9d6e89b933
firstname1,lastname2,645645645645645,5ca9d6e8d1437
firstname1,lastname2,645645645645645,5ca9d6e90dc65
firstname1,lastname2,645645645645645,5ca9d6e941ed4
firstname1,lastname2,645645645645645,5ca9d6e96d28b
firstname1,lastname2,645645645645645,5ca9d6e9998e7
firstname1,lastname2,645645645645645,5ca9d6e9bec55
firstname1,lastname2,645645645645645,5ca9d6e9e6ea2
firstname1,lastname2,645645645645645,5ca9d6ea16e72
firstname1,lastname2,645645645645645,5ca9d6ea3dc99
firstname1,lastname2,645645645645645,5ca9d6ea67568
firstname1,lastname2,645645645645645,5ca9d6ea8f4c1
firstname1,lastname2,645645645645645,5ca9d6eab74b3
firstname1,lastname2,645645645645645,5ca9d6eadf04f
firstname1,lastname2,645645645645645,5ca9d6eb145cf
firstname1,lastname2,645645645645645,5ca9d6eb43b03
firstname1,lastname2,645645645645645,5ca9d6eb6d303
firstname1,lastname2,645645645645645,5ca9d6eb9aee2
firstname1,lastname2,645645645645645,5ca9d6ebd0f31
firstname1,lastname2,645645645645645,5ca9d6ec163ec
firstname1,lastname2,645645645645645,5ca9d6ec47bc8
firstname1,lastname2,645645645645645,5ca9d6ec7a87c
firstname1,lastname2,645645645645645,5ca9d6ecb35e5
firstname1,lastname2,645645645645645,5ca9d6ece9913
firstname1,lastname2,645645645645645,5ca9d6ed2bf03
firstname1,lastname2,645645645645645,5ca9d6ed6123c
firstname1,lastname2,645645645645645,5ca9d6ed97753
firstname1,lastname2,645645645645645,5ca9d6edc9273
firstname1,lastname2,645645645645645,5ca9d6ee0088c
firstname1,lastname2,645645645645645,5ca9d6ee231cb
firstname1,lastname2,645645645645645,5ca9d6ee4435b
firstname1,lastname2,645645645645645,5ca9d6ee6165b
firstname1,lastname2,645645645645645,5ca9d6ee7d3c6
firstname1,lastname2,645645645645645,5ca9d6eea2b79
firstname1,lastname2,645645645645645,5ca9d6eec6e0b
firstname1,lastname2,645645645645645,5ca9d6eef3deb
firstname1,lastname2,645645645645645,5ca9d6ef1f19b
firstname1,lastname2,645645645645645,5ca9d6ef3ed39
firstname1,lastname2,645645645645645,5ca9d6ef61753
firstname1,lastname2,645645645645645,5ca9d6ef9104c
firstname1,lastname2,645645645645645,5ca9d6efb5887
firstname1,lastname2,645645645645645,5ca9d6efd1d70
firstname1,lastname2,645645645645645,5ca9d6eff3cb7
firstname1,lastname2,645645645645645,5ca9d6f02e4e6
firstname1,lastname2,645645645645645,5ca9d6f05d5bb
firstname1,lastname2,645645645645645,5ca9d6f08101f
firstname1,lastname2,645645645645645,5ca9d6f0a7894
firstname1,lastname2,645645645645645,5ca9d6f0d8d35
firstname1,lastname2,645645645645645,5ca9d6f105813
firstname1,lastname2,645645645645645,5ca9d6f125dab
firstname1,lastname2,645645645645645,5ca9d6f149d24
firstname1,lastname2,645645645645645,5ca9d6f1714b4
firstname1,lastname2,645645645645645,5ca9d6f193257
firstname1,lastname2,645645645645645,5ca9d6f1b2997
firstname1,lastname2,645645645645645,5ca9d6f1dd0bf
firstname1,lastname2,645645645645645,5ca9d6f20e62b
firstname1,lastname2,645645645645645,5ca9d6f236d08
firstname1,lastname2,645645645645645,5ca9d6f25e5cd
firstname1,lastname2,645645645645645,5ca9d6f27c4f6
firstname1,lastname2,645645645645645,5ca9d6f2a02ac
firstname1,lastname2,645645645645645,5ca9d6f2bf5fd
firstname1,lastname2,645645645645645,5ca9d6f2db59d
firstname1,lastname2,645645645645645,5ca9d6f302b94
firstname1,lastname2,645645645645645,5ca9d6f31f4ad
firstname1,lastname2,645645645645645,5ca9d6f341c43
firstname1,lastname2,645645645645645,5ca9d6f36150e
firstname1,lastname2,645645645645645,5ca9d6f385f2e
firstname1,lastname2,645645645645645,5ca9d6f3a9c05
firstname1,lastname2,645645645645645,5ca9d6f3cb079
firstname1,lastname2,645645645645645,5ca9d6f3eba8c
firstname1,lastname2,645645645645645,5ca9d6f415207
firstname1,lastname2,645645645645645,5ca9d6f435cbd
firstname1,lastname2,645645645645645,5ca9d6f451f09
firstname1,lastname2,645645645645645,5ca9d6f47579f
firstname1,lastname2,645645645645645,5ca9d6f496984
firstname1,lastname2,645645645645645,5ca9d6f4b8e90
firstname1,lastname2,645645645645645,5ca9d6f4d67dd
firstname1,lastname2,645645645645645,5ca9d6f502ef7
firstname1,lastname2,645645645645645,5ca9d6f520a1e
firstname1,lastname2,645645645645645,5ca9d6f53ebe5
firstname1,lastname2,645645645645645,5ca9d6f568aeb
firstname1,lastname2,645645645645645,5ca9d6f588e71
firstname1,lastname2,645645645645645,5ca9d6f5a45af
firstname1,lastname2,645645645645645,5ca9d6f5c6986
firstname1,lastname2,645645645645645,5ca9d6f5e4d1c
firstname1,lastname2,645645645645645,5ca9d6f616783
firstname1,lastname2,645645645645645,5ca9d6f63966e
firstname1,lastname2,645645645645645,5ca9d6f655b3b
firstname1,lastname2,645645645645645,5ca9d6f677862
firstname1,lastname2,645645645645645,5ca9d6f6972fb
firstname1,lastname2,645645645645645,5ca9d6f6b8744
firstname1,lastname2,645645645645645,5ca9d6f6d4559
firstname1,lastname2,645645645645645,5ca9d6f7061ab
firstname1,lastname2,645645645645645,5ca9d6f728420
firstname1,lastname2,645645645645645,5ca9d6f74afbb
firstname1,lastname2,645645645645645,5ca9d6f76982c
firstname1,lastname2,645645645645645,5ca9d6f78dd9e
firstname1,lastname2,645645645645645,5ca9d6f7b1974
firstname1,lastname2,645645645645645,5ca9d6f7d3795
firstname1,lastname2,645645645645645,5ca9d6f80048d
firstname1,lastname2,645645645645645,5ca9d6f822c07
firstname1,lastname2,645645645645645,5ca9d6f841820
firstname1,lastname2,645645645645645,5ca9d6f8616b0
firstname1,lastname2,645645645645645,5ca9d6f883afe
firstname1,lastname2,645645645645645,5ca9d6f8a58ff
firstname1,lastname2,645645645645645,5ca9d6f8ceed7
firstname1,lastname2,645645645645645,5ca9d6f9049b0
firstname1,lastname2,645645645645645,5ca9d6f925155
firstname1,lastname2,645645645645645,5ca9d6f949161
firstname1,lastname2,645645645645645,5ca9d6f972e76
firstname1,lastname2,645645645645645,5ca9d6f9a3b4b
firstname1,lastname2,645645645645645,5ca9d6f9c46ce
firstname1,lastname2,645645645645645,5ca9d6f9de8ef
firstname1,lastname2,645645645645645,5ca9d6fa063d7
firstname1,lastname2,645645645645645,5ca9d6fa2e0e8
firstname1,lastname2,645645645645645,5ca9d6fa5a266
firstname1,lastname2,645645645645645,5ca9d6fa7e1bb
firstname1,lastname2,645645645645645,5ca9d6fa9cc50
firstname1,lastname2,645645645645645,5ca9d6fac688b
firstname1,lastname2,645645645645645,5ca9d6faed50c
firstname1,lastname2,645645645645645,5ca9d6fb18a51
firstname1,lastname2,645645645645645,5ca9d6fb36542
firstname1,lastname2,645645645645645,5ca9d6fb6418b
firstname1,lastname2,645645645645645,5ca9d6fb836e9
firstname1,lastname2,645645645645645,5ca9d6fba9348
firstname1,lastname2,645645645645645,5ca9d6fbdc0b6
firstname1,lastname2,645645645645645,5ca9d6fc0ca9f
firstname1,lastname2,645645645645645,5ca9d6fc348ef
firstname1,lastname2,645645645645645,5ca9d6fc61222
firstname1,lastname2,645645645645645,5ca9d6fc8569b
firstname1,lastname2,645645645645645,5ca9d6fca6147
firstname1,lastname2,645645645645645,5ca9d6fcc57ee
firstname1,lastname2,645645645645645,5ca9d6fceaa19
firstname1,lastname2,645645645645645,5ca9d6fd20a0f
firstname1,lastname2,645645645645645,5ca9d6fd3f70d
firstname1,lastname2,645645645645645,5ca9d6fd63875
firstname1,lastname2,645645645645645,5ca9d6fd93623
firstname1,lastname2,645645645645645,5ca9d6fdb94ce
firstname1,lastname2,645645645645645,5ca9d6fdddfb8
firstname1,lastname2,645645645645645,5ca9d6fe176fe
firstname1,lastname2,645645645645645,5ca9d6fe3ffdd
firstname1,lastname2,645645645645645,5ca9d6fe5d020
firstname1,lastname2,645645645645645,5ca9d6fe7d78f
firstname1,lastname2,645645645645645,5ca9d6fea0098
firstname1,lastname2,645645645645645,5ca9d6fecd3e0
firstname1,lastname2,645645645645645,5ca9d6fef2f49
firstname1,lastname2,645645645645645,5ca9d6ff1deff
firstname1,lastname2,645645645645645,5ca9d6ff43631
firstname1,lastname2,645645645645645,5ca9d6ff749bf
firstname1,lastname2,645645645645645,5ca9d6ff9a7c9
firstname1,lastname2,645645645645645,5ca9d6ffbc6c9
firstname1,lastname2,645645645645645,5ca9d6ffe092b
firstname1,lastname2,645645645645645,5ca9d70011bd7
firstname1,lastname2,645645645645645,5ca9d70034773
firstname1,lastname2,645645645645645,5ca9d7005197e
firstname1,lastname2,645645645645645,5ca9d7006d682
firstname1,lastname2,645645645645645,5ca9d7008fe3d
firstname1,lastname2,645645645645645,5ca9d700abc8d
firstname1,lastname2,645645645645645,5ca9d700c8b19
firstname1,lastname2,645645645645645,5ca9d700ebf11
firstname1,lastname2,645645645645645,5ca9d7011fdd4
firstname1,lastname2,645645645645645,5ca9d70141b18
firstname1,lastname2,645645645645645,5ca9d70168247
firstname1,lastname2,645645645645645,5ca9d7018cd92
